zone_id,year,month,day,h1,h2,h3,h4,h5,h6,h7,h8,h9,h10,h11,h12,h13,h14,h15,h16,h17,h18,h19,h20,h21,h22,h23,h24
1,2008,6,1,548614.070350562,608758.5676754946,611413.9197588834,623884.4783953874,569292.6649407151,559842.4237454352,664591.155819894,746782.85271742,767790.2466931506,736294.8758168031,670788.6087575528,592781.2653039638,532483.2300522001,506014.4361863564,495700.8058892988,483663.7264034989,477858.4983752013,507192.78327934234,566219.8319822665,577718.910554296,593856.851390771,591942.7986974097,575486.778624246,576136.505153356
1,2008,6,2,505683.5033972981,510542.9926534646,471284.55952961935,472913.7550995911,427325.4960085856,429896.4508311187,461598.5073755165,527339.393450065,539308.7569756821,540656.1870485251,520789.0381263166,512740.70428784017,502089.3842559214,489153.0637243878,478053.76594541763,474349.26438315003,473596.85703322204,492057.73113506485,546085.5869621771,563499.7719812403,584987.1051852627,589350.0895871093,549258.3987876087,515936.61145858036
1,2008,6,3,423158.4146182,415191.8233109927,403148.14362522605,393999.0354699875,385143.146423909,395201.6446758626,435285.95358493214,491393.79715169145,498807.4250984612,497424.7860914747,498868.2365151637,503097.20066052274,514941.4324847215,513525.83896208,510025.7580980372,507151.6644279125,514052.69032746577,536124.408022534,543138.270399705,536545.0599342458,542097.0360726916,570800.2881211345,582646.8532776099,553491.1296307655
1,2008,6,4,463552.36178706645,463552.36178706645,435692.6446007008,452957.0728362323,427085.80009975465,433956.2588330705,458504.3350321594,502887.75567106134,498858.97998649406,511617.7080601242,507417.9130218615,527648.2205126076,521365.99958999903,507101.27185680246,510025.7580980372,483005.80439849454,494531.8697309238,493414.8937362259,514171.4314335792,532301.3895599442,537782.8291240265,553774.8055508417,556737.3162313458,514996.3993342121
1,2008,6,5,463552.36178706645,470660.42991350754,435692.6446007008,428988.8036845902,410753.27069295506,404951.7959677039,437058.7926884614,491198.7595535062,517748.21019253426,523844.49073017645,542349.5849094648,516468.32576497784,513515.39237935253,496007.9682350583,503399.19253559224,492826.7122191741,494666.2615305258,525139.5433295359,564032.3470123706,606316.5404712138,625691.874954075,639544.8231037407,609865.7200429073,590001.016213621
1,2008,6,6,548408.0615780429,548614.070350562,535223.4865638079,569292.9759941988,569292.6649407151,577253.6292000393,631746.7183703984,706928.6804900832,713510.0259988665,677220.6476157138,676009.6283848223,663284.7440183756,657732.2619004631,648737.9075573352,630140.237801051,648742.7503830807,673103.8693402614,752922.4342058499,810190.5240581605,860823.4555914564,888803.365000891,880977.313867212,851548.2190010924,856254.162519224
1,2008,6,7,797117.9991493908,797117.9991493908,801560.9722479845,803830.9946416368,822458.0367329827,834799.2630276225,879695.8416411632,934270.8864357958,975056.0657632294,890538.7492791427,851149.9079603615,816760.3988214609,757501.4481783786,729699.3700421925,703192.1076472788,692482.5410617337,708812.920105407,765872.8598701115,821268.8418142266,860823.4555914564,862707.2755496014,874337.980191697,851548.2190010924,824430.7059006119
2,2008,6,1,763129.4292625802,818313.1258446869,876010.0554644665,1011248.3944949693,1066023.161490034,1129358.9657398679,1335716.657626222,1423115.2930479199,1450250.7417790142,1404259.1576676148,1054879.1225548533,936961.7880436643,862655.2805969106,809669.7442413972,781710.7573213862,770678.1312475192,822588.5752813785,918473.779325761,1048114.6817768976,1335689.6334996962,1375949.6213484916,1461818.7566798409,1397649.5712864655,1327578.3009209908
2,2008,6,2,1113286.2421148156,1113451.3309981178,1063687.8028306118,900797.0313128221,831384.0175131828,811119.1155102606,918134.1599628454,1010659.6414070138,1080216.4911913897,1080216.4911913897,1054879.1225548533,1035068.426587525,990312.3291351155,938972.6140565955,898620.8940054526,848986.3810666053,855116.4868623961,928452.8314366655,1048114.6817768976,1147343.754356099,1202575.4690931106,1174442.8742623685,1120007.6988088812,1121843.9173056448
2,2008,6,3,870144.2794810212,889578.4003510771,763040.8302335364,776898.4530259112,715044.2341249698,719503.1889767632,971928.9943065787,1006313.1069544831,1016972.2899856005,975887.210475102,921947.1285258823,854127.0781385364,773852.5435960874,737958.218199782,733897.496914059,766830.1518885803,719091.1413564741,758419.7996130555,832318.6684852667,910532.0290823405,906590.7455854514,927973.8044471898,905785.7458141698,850853.7965248453
2,2008,6,4,636471.8271274121,636992.1736670922,587325.0895170069,577168.4396500968,574772.2160154096,600333.20032124,656523.6172330653,801341.2599849436,837415.6161960864,837415.6161960864,798460.2086660042,786975.2469192515,755348.8442071751,737958.218199782,727636.2441609135,712961.0355606833,719091.1413564741,768012.4458146592,832318.6684852667,922868.1128088121,928345.7307221723,967014.5344786003,921946.9418672052,922327.8944006567
2,2008,6,5,726697.1993111895,752112.3724912149,719171.416165568,710697.6996724391,659318.6666800991,600333.20032124,656523.6172330653,801341.2599849436,869023.8663631906,820844.1912217494,853742.187309734,854127.0781385364,814645.9261768939,773194.5164202892,886276.6575292042,848986.3810666053,786993.6649332583,861917.2335379599,942222.3864043867,1008837.2628513398,1058741.2818841727,1058007.1079204387,1006366.9172037435,986303.7483419686
2,2008,6,6,802652.3088780179,802652.3088780179,785372.1695190402,866790.0841048999,948418.5661523519,987186.3568662632,1211102.4251985173,1381923.6135235848,1371970.2017922746,1404424.246550917,1246206.3607386276,1140124.287579661,1135466.140984555,1053633.838193315,1033936.8161976017,1008521.6484731501,1035503.0728955097,1197829.0514671062,1258997.1063769553,1327320.9243429392,1430886.2886134079,1492167.8486870972,1461006.3437820277,1444618.1532595556
2,2008,6,7,1357179.2506553652,1357179.2506553652,1437755.1489390251,1445419.6354529785,1448216.64402605,1491161.4912105014,1626325.0479555104,1755046.9363632775,1748058.4254745787,1743423.6097708165,1573726.4866423528,1498253.510910405,1420447.1506620059,1326215.5884107328,1306518.5664150193,1252989.6152897456,1302391.9665229288,1349625.0144469948,1519409.8571509342,1632321.1563041133,1670056.3873165362,1598417.8643415982,1622920.0110310684,1610683.3204494582
3,2008,6,1,637998.4460917362,637998.4460917362,647059.9849696608,715753.2197939581,746372.6656909151,734899.92475862,797555.128232037,866319.8215109154,893728.5720606684,859761.9537743903,816918.0104793804,774698.2114079528,738191.6650681954,704284.06107378,696466.9398837709,688987.5036101358,718070.9843066517,772295.0313247062,890703.0510614465,945290.2828337621,939300.7777201855,911841.4018227824,806732.4500750479,730489.2850896677
3,2008,6,2,615837.0705062731,606523.5125547647,584165.1494867908,581070.5866788331,579535.5028812925,603518.4512524938,649592.0460183553,690770.846798263,763238.5959318433,804527.2178748559,827520.1188076878,774698.2114079528,791137.5081300435,773181.8726707785,764780.4710137931,723284.4941489634,723284.4941489634,772295.0313247062,859674.2717691713,886089.3775100003,897242.7184803854,846030.5671922182,806732.4500750479,698496.154639761
3,2008,6,3,606523.5125547647,606523.5125547647,647059.9849696608,636401.8225226187,631221.8443981581,643378.0812091781,687316.5402048766,708083.6881956378,758386.3565541832,739138.4215104603,726998.8085004531,704357.2909800148,699027.0924162716,700510.0285451241,695512.8401041222,684305.4328320201,687125.3655810272,688653.511095274,723858.205404937,727156.4073372358,743623.6043630816,740927.1681790871,709876.7488169972,661683.3100210711
3,2008,6,4,551499.6930124597,551499.6930124597,528392.7859125148,517656.27426046476,515941.8739582168,530540.5650653703,550323.8140145852,618616.5402216805,662076.7088612587,678437.6202755927,695400.4550443437,699027.0924162716,702755.3147589022,703593.9118718705,687856.3333888561,687125.3655810272,685502.6307824404,690604.4165707639,718503.1267894735,724709.6989386907,738046.4165692389,739659.8961636458,709876.7488169972,665101.9394135004
3,2008,6,5,559363.6582454722,547054.2342698679,534699.0432328508,519517.0728382093,521038.91173057863,533251.8296602385,555063.0610064352,619236.1950245829,656931.1173324618,680609.1025066341,695400.4550443437,700972.4709623854,700972.4709623854,695667.927649489,689047.2744379173,680659.7999148223,680659.7999148223,694548.0698988879,744788.7551534835,747014.4180981882,752115.2008498249,742019.561771444,728171.1283526001,680966.4286158539
3,2008,6,6,582153.5449320864,593361.055367381,589735.7019327305,590384.1446303414,612786.1400618318,674521.2918525005,772414.9983689667,843860.7700740958,926439.4482224432,878619.3297257996,857896.6480143658,864592.4376831364,834215.9084764584,858216.3795940436,818548.2991316513,816218.254772483,846594.7839791611,867013.0652466925,918085.7065035766,939936.8364639865,956213.2414403673,943501.3960087595,907796.5426142691,876932.0873110074
3,2008,6,7,809782.3396980347,843771.4994274124,829398.8119877427,889892.7288139543,894471.9291986724,892583.0469354792,980044.4359442535,1047058.8581783605,1041484.989106872,1039579.0235068626,1031528.8063915673,1016401.1762749205,1012177.4824819305,962240.7065850162,966319.6112082611,929316.28602975,944063.8164955453,996477.4978398598,1032975.4704071591,1058935.6541501645,1036924.3984830551,1014607.1316589874,996951.9542351506,959031.4495614644
4,2008,6,1,3378966.746941938,3918754.804269062,3903376.7998391488,4067675.0066081136,3687711.1889814003,3653937.283446517,4335603.368952244,4896451.890458173,5113779.10675338,4965784.146927516,4559348.954991265,3894644.1604017788,3444327.0994129474,3133834.4592986084,3087642.6167462664,2932902.7387508596,2833616.884068612,3128015.7256512083,3624577.566679231,3607119.278978421,3803908.253207838,3827882.2567571383,3665683.5576299047,3559877.58782216
4,2008,6,2,2965540.301265253,3089784.9198302054,2788296.389276183,2790792.1189106395,2451558.2324132808,2461978.753006795,2628302.0845840955,3126893.521034985,3334753.505383354,3446960.309253034,3283862.3134796447,3213937.283737561,3125948.502977621,2979822.638865274,2846436.3157142214,2789736.3190515167,2739045.239454037,2927380.2245053677,3379341.40798525,3507940.7709325626,3697607.3590241624,3827882.2567571383,3331422.8774908553,3014381.258401602
4,2008,6,3,2276986.4748185594,2204306.3899103743,2121216.1099812775,2059358.0378693545,1999228.8610259441,2087034.919804312,2268077.8430655682,2664168.1415738375,2898982.680326265,2903604.7068878636,2905497.1149358773,2924913.1581941806,2959754.352354427,2900071.545620144,2877811.8972237487,2843190.167839855,2878739.570491779,2994473.2458154135,3195136.524420504,3223647.1455643484,3256092.392184722,3455083.708780861,3419419.70115628,3135130.848554493
4,2008,6,4,2412856.3695581793,2412856.3695581793,2199189.017851576,2312627.0140755726,2189163.233568525,2238838.1763373744,2398523.391660586,2759205.542714084,2884237.3031097036,2912096.8700573533,2949750.727783104,3055276.5097495797,2988333.581983123,2871492.315991448,2877811.8972237487,2733850.6703895465,2796552.8651444153,2836597.7056956976,3055052.446956157,3189150.796011507,3250022.720572199,3354359.9225646514,3287372.296545739,2951385.339032138
4,2008,6,5,2412856.3695581793,2529485.4778224607,2199189.017851576,2189163.233568525,2074287.395495869,2126318.1632299162,2293143.205654771,2657376.3864345886,3088666.9613315584,3307174.659384914,3505242.173237969,3323371.705478161,3222947.239654623,3047361.1303695785,3111574.810902213,3062982.3650282472,3074823.185100657,3371115.0993916504,3588209.6874596863,3973905.754793701,4172741.254534143,4160230.69184185,3911707.377313919,3717583.5978163662
4,2008,6,6,3367237.9078645185,3378966.746941938,3323975.4370345953,3687711.1889814003,3687711.1889814003,3743190.8150550537,4144164.222914774,4726070.257450839,4787473.349276142,4611787.114499341,4608693.229154553,4468930.44761724,4390040.795629226,4312555.3057101015,4186715.199438306,4250360.748542819,4540920.147814947,5115398.925998253,5590777.438953798,5927261.543698929,6226074.278768141,6137533.795729853,5829466.518949482,5892255.339326308
4,2008,6,7,5346613.277231636,5346613.277231636,5498324.197813873,5500729.497506682,5707853.643069866,5968521.946347799,6239403.93342268,6525535.490706938,6901159.359189203,6354872.199680272,5895052.51013269,5527405.815766664,5123297.138064218,4922369.016001104,4727592.514661732,4584541.0479262,4766873.987797868,5231447.206849302,5656725.63874072,5927261.543698929,5952469.251987099,5967470.275415416,5850566.8467996195,5635126.342371622
5,2008,6,1,2137078.307090229,2331340.8413511757,2318905.1147327023,2362946.7258909084,2150258.4930254053,2067021.2085040642,2401292.2457929007,2907744.2962720594,3011464.1541932384,2921811.6720446385,2675068.011645335,2446894.4949702295,2192094.8644287433,2017166.1961653656,2018182.5199107025,1943805.6028143393,1895181.5474556726,2120999.9457490165,2499118.644203147,2508960.379668621,2640183.034374632,2574803.394071784,2461859.163396935,2337208.253671479
5,2008,6,2,1938968.1397494802,1959921.3664679993,1778654.0653059443,1810877.0119789606,1537556.6154367602,1521478.416709525,1687666.4472426402,1971653.4840040857,2120105.118807439,2150085.1000969396,2061681.0511342045,2015366.7149549474,2014783.1086386414,1942841.144937943,1886679.1901231823,1840844.46409569,1828879.9494068068,2001112.8056298904,2354348.9895288213,2448604.7384757204,2593374.393150046,2574803.394071784,2321921.4911398306,2042878.711314468
5,2008,6,3,1501648.9598108758,1466066.899828688,1398217.2518929918,1357988.3716627518,1324964.9556036924,1348250.2900646995,1479256.7651932165,1734115.5844373188,1877246.8960397118,1868810.034419833,1902256.7374458923,1923645.6855680672,1943802.0603618,1946670.970320049,1859462.9953105475,1847577.8734568208,1902589.019351416,2061228.335445684,2187416.5941598006,2197769.5284342724,2223607.779207467,2309640.7068866044,2309344.481853549,2000172.7360377319
5,2008,6,4,1590707.3733634553,1590707.3733634553,1474456.7442055289,1551051.9193226045,1468726.8861279422,1492012.2205889493,1579704.5937153946,1834563.412959497,1873502.6865143457,1947253.7507228358,1964748.5617782215,2012861.9934327,1964265.711250439,1926207.31943141,1859462.9953105475,1778274.9569639482,1810310.1323198408,1912384.1031567648,2120721.623703115,2223394.5945335785,2236521.1178536233,2268407.644562714,2186674.9210695797,1934546.572329102
5,2008,6,5,1590707.3733634553,1663147.2806334835,1474456.7442055289,1482492.0960607696,1357341.8260236816,1353563.830574653,1483637.9243386702,1734115.5844373188,1993639.7469404545,2061537.1908131891,2188146.423001188,2066271.1425272024,2075470.1187911632,1975565.3653018093,2027965.1024909692,2008348.0714614952,2026684.8772431929,2213505.2041848274,2499118.644203147,2733312.0654071504,2824028.8680709023,2768726.107726505,2598444.8846031995,2401676.6652416633
5,2008,6,6,2137078.307090229,2137078.307090229,2030899.6909242263,2157187.9572207364,2150258.4930254053,2170639.278595361,2351720.4514792264,2788151.0336652067,2829112.1503521744,2754947.9471442914,2780742.37501431,2785332.466407308,2782963.0721560866,2650865.376885405,2623758.098042481,2775536.5663819397,2953111.5399388983,3400901.2983924937,3827808.3601107514,4038371.1816962017,4152898.7177229207,3969066.0582060167,3754482.8397659645,3587314.536018078
5,2008,6,7,3162134.8135334994,3162134.8135334994,3157778.5803812756,3129558.3309756164,3247693.360427844,3244993.2551135616,3450889.6609644266,3777305.6444748226,3926246.6457863348,3653913.5893837726,3567624.308290768,3422185.727559917,3237450.041879162,3078626.334538893,2983289.0885735303,2960707.4168345835,3040625.6965957456,3525256.755858754,3827808.3601107514,4038371.1816962017,3999028.6041999324,3868813.7973464597,3754482.8397659645,3465626.396113776
6,2008,6,1,2063735.3795309598,2063735.3795309598,2083861.2968531663,2319348.109299719,2420382.5464385273,2368837.9744162033,2582998.1482796967,2795976.0647052275,2909326.3251439687,2798293.7794493563,2645353.2660938874,2496807.8291746858,2396492.279438073,2287805.1106116036,2262623.1913384115,2240563.2144536343,2320995.036296535,2489125.9465530217,2905086.9752556733,3097507.2842246373,3028844.9830934815,2929383.2073675604,2624324.750693545,2356645.9429595903
6,2008,6,2,1992890.5147409386,1972420.2618000957,1907084.1899361354,1879412.2489827303,1874971.7018879394,1967674.5274798095,2108030.3638522276,2235440.7763368217,2465832.734194752,2621121.8309652917,2691635.3102686456,2496807.8291746858,2554231.131861693,2516318.023684378,2465079.5615303298,2348974.186126349,2348974.186126349,2525891.691653407,2782885.468418735,2878730.9211323387,2907237.9185303138,2745411.593194843,2624324.750693545,2262238.0960314223
6,2008,6,3,1972420.2618000957,1972420.2618000957,2083861.2968531663,2060544.9180016662,2049743.359118978,2090928.0074457733,2214140.7770032557,2289120.935032415,2452311.5433034813,2427997.1954295933,2357531.2264153464,2277174.15547329,2265948.5448875376,2266695.3795421156,2268884.3248895407,2215302.503300764,2236917.032318379,2245949.7057252275,2318064.1575600333,2357992.9729357967,2390125.59355991,2395017.273700094,2312683.707882689,2138174.989592486
6,2008,6,4,1790343.3600619654,1790343.3600619654,1713463.5390350553,1683684.9602954353,1679244.4132006443,1721861.6942739827,1789157.030848658,2008341.3799953482,2144746.0948680067,2211955.437461829,2242061.854948593,2265948.5448875376,2277275.585495099,2288646.931278767,2241088.3352462295,2236917.032318379,2237254.0550374156,2245949.7057252275,2312317.383292742,2356987.4144055047,2386409.125052442,2401725.424045128,2312683.707882689,2173416.179318115
6,2008,6,5,1812623.441964999,1780240.5759057493,1724881.1897739507,1684999.8268781146,1690662.0639395397,1728386.7151718105,1800325.9460485983,2002770.4278284367,2133495.6040418344,2208878.519564969,2245138.7728454527,2265948.5448875376,2265948.5448875376,2261391.677003155,2243186.765645867,2211219.4730747053,2211219.4730747053,2248269.443224331,2401846.2497166917,2421239.831085153,2455920.956905305,2430227.409428135,2371027.393836524,2175758.8689942523
6,2008,6,6,1882845.0433104797,1922096.2409707592,1909190.8277223504,1929967.455084745,1992267.237386031,2192164.1420609863,2480519.4016962247,2733169.144570515,2986073.2838559714,2864589.4420878226,2791835.721601209,2809670.2264287593,2709469.815096196,2779613.1753999903,2635357.405230705,2664386.3943075663,2752127.7801232203,2803501.647540379,2991729.6275659148,3065605.7907598484,3085846.9458593894,3049192.0902681807,2934891.7685639905,2819930.0110372296
6,2008,6,7,2630136.454998979,2728010.3554209406,2677664.6813189522,2871868.12559685,2879471.0034945305,2898657.0660609845,3222038.224022302,3430222.103466209,3369138.4136152565,3397360.0890994957,3354100.449890414,3290477.324826077,3268370.030249037,3149641.167077843,3134225.0507407277,3026768.5937070744,3089575.513841787,3246977.7305069086,3353535.0167430392,3429266.5602772236,3342159.4596468373,3309508.12427689,3232671.996806614,3118974.282179128
7,2008,6,1,2304880.2318537277,2304880.2318537277,2316633.3993869126,2643583.1189378244,2729125.7056238474,2673811.5028549545,2879821.110485631,3125854.37636922,3279106.0448795306,3172723.095319365,2960156.676227835,2802850.3091208288,2669642.54722684,2545341.5713838027,2518822.0406623106,2488373.5503407875,2586532.44907559,2780024.1021899534,3270235.954150191,3475337.7564135347,3441498.9341370356,3316664.1583663714,2959523.458857267,2625415.8319654446
7,2008,6,2,2217437.686063843,2199100.71508618,2118342.0838231053,2096041.104360006,2087369.7634644343,2193588.2510468564,2363887.5641350257,2489396.5345431147,2772847.213617499,2930872.019712906,3012517.0637943787,2802850.3091208288,2876130.5096245343,2790195.730352292,2763676.1996307997,2604309.912149148,2601867.8637596606,2780024.1021899534,3154006.5122999297,3232532.6375980745,3285232.920125923,3089482.9140716,2959523.458857267,2518571.0349083827
7,2008,6,3,2199100.71508618,2199100.71508618,2316633.3993869126,2285350.705344294,2289389.0029797545,2333987.420834132,2502452.6476163953,2554055.096130632,2755599.677338344,2697238.6351533467,2639040.980182456,2541002.7870563436,2522374.9621440116,2516262.6566046826,2513140.4234274407,2466367.8370429734,2488150.0901741064,2499663.900639178,2598766.853604081,2649251.0837943964,2699875.3141226196,2673277.85814083,2570564.343444658,2411179.6259844103
7,2008,6,4,2001155.6308661827,2001155.6308661827,1897937.317301071,1855425.797345487,1846754.4564499152,1895418.793358127,1994901.7985689172,2209231.9870540737,2395582.3556703227,2446683.840859954,2505823.4786167312,2522374.9621440116,2528419.558972281,2540578.9421168147,2483648.8053663196,2486302.173829734,2486896.6125839762,2498149.922154567,2598766.853604081,2633126.482463666,2666954.17772691,2663465.3353274446,2570564.343444658,2412520.5280985446
7,2008,6,5,2024205.1750597418,1979965.2837859096,1921042.1175378214,1857340.2505019642,1869859.2566866656,1909270.7107133828,2010051.7346597202,2248225.0055856397,2373895.68463008,2440537.5081140464,2519819.9655027306,2519436.648074651,2519436.648074651,2507856.1919624503,2481336.661240958,2453044.9649083647,2454892.8812527373,2514795.9513846845,2702982.714870639,2709510.8792099417,2733082.6056356677,2681548.9671510844,2660656.5166948824,2449732.216550851
7,2008,6,6,2092230.7162798238,2137467.0902635665,2129936.504504638,2144951.5355570186,2221304.6813739236,2447831.4479905176,2812290.3097748067,3074216.8341298588,3375442.181717341,3233678.836827411,3124383.6172420946,3149182.422028804,3034404.996562552,3105103.7406785316,2961309.935246773,2969348.882095491,3084602.979199509,3151236.832936492,3378254.437560591,3441322.05169555,3508095.6314689512,3437145.984855923,3346634.53350875,3200554.9029320586
7,2008,6,7,2958296.607370366,3020081.914204269,2982986.783645845,3190103.852023256,3219510.521790682,3271704.726340023,3599775.9808695144,3861834.972967095,3850365.5769568523,3821344.0946352817,3762178.6155928285,3682822.1730243615,3665382.852450397,3514256.762558213,3484918.0630116547,3400273.6816765894,3457546.3544905274,3624181.1421726905,3782773.2531201844,3877738.414486444,3799192.5434206985,3718289.7389273723,3661865.2844586903,3501656.306268334
8,2008,6,1,1245724.3597180366,1349198.9873727632,1308262.250305363,1446692.5720986957,1447106.0022662221,1478845.9868570252,1611953.452101652,1815148.14818191,1886879.3525597309,1721273.339524012,1530459.447635245,1482277.7185038992,1396276.8925723482,1355169.5304564089,1351854.6537232937,1368762.3805587713,1378471.3605889801,1534833.4839749287,1860143.0313730726,1943855.064627289,1914045.9094000591,1905034.004263822,1759347.9944210493,1542219.2997909072
8,2008,6,2,1245724.3597180366,1167168.22254905,1111629.3033905823,1116132.9814740631,1080353.0044335912,1178166.039775247,1326732.671495565,1539631.9451845651,1620567.8597999865,1570373.9428368022,1619602.9321028544,1530459.447635245,1490575.9523885876,1415929.8313694939,1377641.956135501,1311083.375979324,1352684.058176773,1446521.5205350164,1620699.2947915413,1681736.005700369,1722710.7604716476,1685247.8823949122,1568041.0752250664,1412581.7397959875
8,2008,6,3,1146661.1465035512,1132822.0186120707,1111629.3033905823,1090963.6268645138,1158909.1416025776,1300596.9454243837,1326732.671495565,1658036.6448464233,1692696.789555514,1511442.5617070084,1422192.5638725045,1342870.7238441466,1331682.6212539184,1344056.319487568,1308762.5142822599,1313729.6451522785,1276427.583179964,1335115.1618971883,1445143.8140426215,1488053.9597768097,1533095.5221105996,1511082.8887694348,1465053.1779614165,1302296.5014415237
8,2008,6,4,1035974.6211140311,1013026.2144045831,976053.2122601238,943997.2675368687,947109.7692923096,959405.5503277358,1031809.4023878782,1237281.8138808312,1347953.0409539058,1358107.7047620346,1359071.4513383436,1350830.4359600486,1323564.5293246256,1289240.450084281,1273395.2616512189,1264515.6860744893,1271584.5718783245,1310484.9085099767,1453113.7435968546,1488053.9597768097,1533095.5221105996,1517484.9325950309,1467355.6613539285,1315314.4926137314
8,2008,6,5,1035974.6211140311,1035974.6211140311,985278.4947832085,966945.6742463167,959581.7127676464,976105.0991812404,1124671.6951498017,1258727.980779622,1347512.214580978,1377359.6224371882,1363818.25331501,1350830.4359600486,1327119.129291107,1303686.732251783,1300237.5829558652,1254127.3784067691,1290456.9636287377,1419279.725746613,1507370.9085906567,1562339.292336442,1590974.3370755496,1608971.1553585676,1514373.3667744445,1460686.9352515757
8,2008,6,6,1245724.3597180366,1245724.3597180366,1308262.250305363,1351143.0558553662,1385138.1302982508,1404242.778668721,1688808.0296535136,1815148.14818191,1966809.2839458208,1935896.4793268817,1915456.9343831525,1882450.116585026,1823025.021393612,1748279.7091603656,1786699.1731234,1733324.4170242876,1814110.644422164,1979040.8817634464,2123370.45204453,2254591.6925198487,2395185.1250437535,2334346.105496044,2328051.244067218,2157899.2982123345
8,2008,6,7,2095416.6314026574,2095416.6314026574,2115092.725533677,2159239.1103918417,2168095.4616362224,2164369.599937356,2297946.8155104187,2487135.9457326583,2509594.5769869457,2573520.1097719297,2529324.3217642424,2372465.457753739,2267479.7590568718,2154923.5466093696,2123594.7299927175,2114715.154415987,2136076.1292843497,2229418.540013379,2436491.553561835,2551783.697613057,2499648.8200477003,2435987.9523904887,2328051.244067218,2157899.2982123345
9,2008,6,1,691651.2495354296,691215.0756308864,694069.3067081607,791063.5420617266,828190.8315538637,797353.9268731012,869832.2861111921,954276.1057307711,999911.3006710196,942374.7982980832,865785.6336598218,806019.1505817511,766539.2930170471,723805.1261717832,715219.7254917027,712867.9594032759,737916.5663169752,811865.7205439707,977612.9248831203,1021615.4305490613,1005020.7052912322,984777.0432923976,903178.5297283572,807155.8051800692
9,2008,6,2,667695.3553889669,667692.8081511664,627495.119141093,632513.2509813356,632513.2509813356,655379.4024821601,707357.4489404375,776562.5582250368,853693.711036417,875335.2578981281,880368.5972662688,806019.1505817511,824256.5798974116,797776.9353946655,785909.21280889,747021.1533663801,747783.8632543164,815477.0295488656,927850.8798426181,950644.2022366998,970464.4370504486,936982.5731540155,882371.6470892294,778168.0993837824
9,2008,6,3,667692.8081511664,667692.8081511664,694069.3067081607,679268.1611048877,677796.7354753349,696911.0125439889,741145.4558227748,782898.9446765567,847357.3245848971,803528.5916218454,767641.5812271686,727612.0992977874,710191.746450208,707554.3558892825,705716.7629322148,695437.455024254,701848.0275124627,711011.2248687283,759589.5182191827,770862.4013282008,799353.4184055689,785481.7408545179,767074.600250687,720035.7623435617
9,2008,6,4,569938.2718970361,569938.2718970361,542171.0769286876,527000.9936767451,527000.9936767451,548771.2588604459,587532.9223373792,681287.2902615933,732798.6108885315,724282.6896549346,723555.8821901398,716608.4526181149,717237.0632744817,713202.218489555,693023.5835076687,701085.3176245264,701848.0275124627,711011.2248687283,758911.2167874371,767502.9438345191,781387.2880968536,786514.7020767286,767074.600250687,720251.0132307389
9,2008,6,5,577154.4975263661,568371.2469558723,545207.1517437225,528470.0435506161,530037.06849178,546191.734796698,584953.3982736312,680882.650650055,716722.6039936574,722358.3864383678,726237.0382520759,719436.6090444229,710191.746450208,705002.8721731997,698195.7180476051,693564.2727399168,694326.982627853,722580.6031075433,793033.9744262786,801625.7014733606,809617.1822758619,793068.21901824,793850.6981905976,744635.8165218967
9,2008,6,6,618222.6724216325,655160.4682349338,643095.5150182353,639985.2870429873,654294.316355671,723069.069516876,846261.0906245046,953940.3218234973,1022303.2316671234,964544.5502621027,933868.5750476542,903779.0554614661,870966.2151101216,881924.3507617231,844481.0379923142,852205.5121467264,876594.2738278593,936266.9955636784,996033.6094232512,1020174.734484956,1041460.6497554289,1023185.2511283332,1011075.721328661,977339.1441785522
9,2008,6,7,898911.0739110986,898578.8923723941,886438.0533581881,956928.087721277,958301.823033462,986727.4419843068,1097536.7023497818,1172671.1860060669,1144128.7993230787,1133087.2550639692,1107487.6141402088,1058157.1099502845,1032518.2376842864,992687.8627988598,1001843.8851842821,965316.7178936427,980795.6405676166,1045044.5640240991,1106632.211773093,1147200.9219354137,1127753.8174244226,1118557.9174599608,1100767.1525526245,1067386.4365375466
10,2008,6,1,362013.4339588824,425473.18951953296,419713.07020789804,430861.4110929376,394267.17575031915,390053.4135024632,439025.33382567955,517207.2032951419,553115.6619022898,534089.982312057,465772.8396115575,403575.8771736932,346842.0163622654,311154.3959096556,306002.46848300943,288393.7286728422,281444.6260590944,315949.2619072574,370937.8734577775,368171.28574873,390427.33075659274,385128.4807989601,378806.01980036916,373415.9740581664
10,2008,6,2,316735.9596027405,325677.3549083308,294695.13457586395,306793.41810100054,258216.84528537898,253435.6265469219,262045.8270076373,303063.231881328,335189.0021059414,345254.1417592357,321296.3651400659,312892.704282129,306926.82453184406,290353.67052296665,281652.4026310858,269063.5965350712,258278.1150488927,284809.0650768823,341653.5371359857,354016.2017549723,372911.40595757746,385128.4807989601,338522.72146517166,303843.9893623858
10,2008,6,3,237499.96521271951,218191.737180738,220885.0107865629,214399.97510383377,204981.3608566889,212929.54808448275,223712.5208285231,254943.5362621563,281598.2090294392,285004.28027518454,291833.86887477676,296611.89344968356,290568.03313573555,280920.0797963288,274463.77317574853,271001.5580531362,277287.3967713392,294812.5782265928,316692.2791362401,316686.0697692673,317262.81844737777,341207.5938693012,343993.6637881351,309569.11022159184
10,2008,6,4,257480.45688821241,257480.45688821241,231299.40472644553,247514.95142138773,232723.32912734532,236557.02925332275,244493.96132363525,275724.9767572685,284229.40848341904,300783.8191735589,304485.2559649604,314153.1005230893,290859.5373966515,280628.5755354128,274463.77317574853,261911.44307376602,268227.0488869724,274401.471724792,298387.04227567755,313280.6161888718,317171.80636324745,329194.16312718444,321542.67446292803,295880.30599731696
10,2008,6,5,257480.45688821241,265889.38914507517,231299.40472644553,232723.32912734532,220183.7397982618,218340.23237507642,226248.62422604082,253999.3226964387,307550.917543289,334797.8579577887,348934.4497027183,327291.86032570887,319203.931799613,300153.34427969955,310465.6918216246,304731.230720916,309900.74774340796,344439.30608584813,364018.4773055415,414991.0614127243,430066.44703299453,430971.5157669075,410171.7703720076,391872.599594027
10,2008,6,6,356021.6598557195,362013.4339588824,355139.13680190686,394267.17575031915,394267.17575031915,401340.7999015744,424060.55532278283,497336.32709902717,515876.03043671616,491063.3710931076,490744.03371413134,484653.49364680407,479453.5177327803,456419.4091248291,446050.0835420137,462922.9227490828,506590.9315333024,579369.8219647608,653286.3845617004,684907.4266593776,719859.6389924841,693146.1794281942,662627.9826578348,676568.6873231609
10,2008,6,7,615686.6819586456,615686.6819586456,633765.8904585588,638086.264345216,661319.4491529221,666943.4946589547,693789.6520210115,713459.7343728006,778771.0431416251,699980.9375134191,653048.0985344687,609595.4712128754,570420.6581309381,543326.2275589223,521667.15451555763,509234.93387904525,526329.8972949662,597172.495365964,667967.5606338244,684907.4266593776,679602.4597651877,671164.7463618901,663257.5413579744,632996.2086662414
11,2008,6,1,2694.7905586831625,2586.9127733176074,2681.788245450385,3027.4860260444616,3250.200307352261,2936.9791817983996,3269.1837245276533,3739.0484414492835,4022.7805133459437,3791.489486792707,3470.947032091032,3237.0458255077788,3016.3075387571344,2888.4171475688195,2817.9556707395263,2789.8388297370384,2863.7259203236486,3233.3375063437893,4051.9393871213115,4424.224737880453,4329.754531796089,4162.224137441984,3746.4478433636914,3226.8925645509557
11,2008,6,2,2489.2969297200307,2521.7960881182457,2407.6872297440723,2380.560832278122,2378.7452038151464,2446.269600799405,2663.417313786055,2858.8730753999853,3348.331751264854,3610.3298386893766,3648.8414036561367,3237.0458255077788,3349.3642760631974,3292.73083447033,3083.421960620183,2935.7344217336126,2895.847495678391,3312.9856637062235,3851.3968044555013,3950.0622133031507,4104.478482239017,3952.7216696649416,3632.9977095776826,3035.376612056183
11,2008,6,3,2521.7960881182457,2521.7960881182457,2681.788245450385,2544.698606271489,2542.8829778085137,2600.2191006088156,2805.8047893589514,2900.90619996955,3305.129307523331,3368.748702685494,3079.435571202688,2912.6513186338384,2697.492303937277,2665.8578336954624,2597.3170083438426,2561.2016356659697,2566.34881590204,2673.7660517402087,3082.644115160485,3204.2262354720065,3334.053949713236,3233.6062412613824,3060.474034080117,2741.597455625063
11,2008,6,4,2028.9114860813863,2028.9114860813863,1952.5498382982025,1898.0194423581272,1896.2038138951516,1943.3240146477215,2100.1971810220152,2491.557737988863,2809.8535089461016,2869.0985442688448,2893.3568298085534,2749.9069286328254,2705.6860402820453,2667.778485173136,2586.1173186011615,2559.916047369303,2566.34881590204,2673.7660517402087,2963.2546728870866,3039.0389902525744,3217.1737405085137,3151.200482220323,3060.474034080117,2704.4302775595734
11,2008,6,5,2015.8631849024312,2072.3943325766295,1925.0702883694973,1893.317533245309,1868.724263966446,1915.8444647190163,2042.2985098939234,2354.0888050555404,2679.583722981703,2849.6132239852964,2912.8421500921017,2783.0385701526775,2724.5171244236294,2695.215452150902,2708.6505181946513,2680.5336771921634,2696.999499384186,2889.0559095908657,3295.4146888353775,3359.309641600115,3391.0463631794237,3331.4255854660164,3283.552952864845,3022.262144545629
11,2008,6,6,2349.8173735177324,2483.8032012178096,2396.7913846337265,2390.7491064620785,2510.539450513809,2593.134982901951,3114.797946564935,3730.6900020699536,4024.240312817556,3914.5991199639902,3804.0457883294744,3681.165701916342,3568.8148906864844,3522.369723277574,3355.138708698408,3413.603131261836,3423.0648025327873,3681.349674250225,4144.180170684814,4320.884653151851,4439.866835832226,4300.767100094914,4163.136500533416,3871.8518087875955
11,2008,6,7,3436.658527675391,3578.650939829543,3424.7895434108286,3751.8045342815253,3793.9269169717722,3881.7804800560257,4130.755980659692,4464.900874260436,4597.567631588389,4527.631354957249,4567.634196808818,4220.300275109378,4080.8306276739722,3964.6874757679093,3843.458610687808,3741.7287311037385,3767.5486467814785,4073.81570376096,4513.038817720132,4849.065310704832,4760.094362297944,4578.692261804826,4433.356200547509,4255.283554934433
12,2008,6,1,690694.6909702355,733360.5077040935,758432.8391421209,840346.2223689707,886300.8617980639,931130.5040921785,1009022.6886019483,1083649.7131919027,1121804.326410045,1103432.8127533547,882577.8376488942,825405.5178939328,760279.9302199475,728179.488986784,718068.5190116266,708662.5824180923,721596.879580064,775126.126794701,840232.7707683297,1019709.5226458132,1055752.7370106834,1119435.5512634972,1079135.1452765907,1060939.0043495304
12,2008,6,2,922419.2544761765,922419.2544761765,887048.0181302741,757176.7652134335,717330.8049359402,725818.1816762632,783770.1044438159,835632.6956031338,908774.733537997,912768.3677138634,882577.8376488942,874357.7866937991,838262.6526584129,805772.8520532612,762856.7836494809,745186.3836578636,748178.6073252426,778214.4697936989,840232.7707683297,906243.4769980792,923482.1904130228,918649.540006206,896575.7221861662,944410.2949969074
12,2008,6,3,742251.9622503022,782097.9225277955,679116.6551116853,708439.3503897315,661150.8058096893,668654.0598750483,830190.4877046339,830682.014567897,865625.9457072045,841740.7996931812,806894.6085499196,770301.1853509309,725054.4974910249,696968.566777219,697139.9865767782,724233.9515263219,684501.4811829078,698032.4178013882,723283.2131335593,769154.5858098234,775139.6999980691,801381.7535817592,781978.1038474682,763845.1450087492
12,2008,6,4,632248.6350882668,631628.0451286942,604205.3813443179,593772.943569561,594357.5384734756,607561.6705376541,620171.3626652176,711674.6080561797,750708.081040819,757672.5124857095,747535.8423422535,737016.2980476676,717820.7860925383,693209.6888352585,693149.548571142,679747.429604599,684501.4811829078,699198.7359435543,723283.2131335593,769739.180713738,781139.1293900902,812479.2462502933,790405.4284302535,801917.1800129936
12,2008,6,5,679511.0120990254,680243.4863422201,660480.9781872848,654602.1764124132,634662.0797080611,607561.6705376541,621479.4991605832,711674.6080561797,773206.9256541687,755354.1486446548,762100.9242348111,770301.1853509309,744851.4361642898,711533.6486697765,762856.7836494809,745186.3836578636,710348.6576622198,738185.5457713141,787967.0497879529,820624.0661962306,854873.6590353611,856624.9318454532,834551.1140254134,852996.9224303412
12,2008,6,6,702781.7384973599,702781.7384973599,709695.4243184188,757176.7652134335,806247.3891557491,825879.4021564636,930483.4337277004,1052582.2907420448,1070098.868440171,1103432.8127533547,1018517.1805162078,948142.2941918473,925043.3775443772,891194.9408411419,879777.822442733,849044.3666474835,870915.3836231572,959544.1707080663,966342.6227192704,1011044.2021420209,1087003.867770875,1148793.7193934647,1134606.4980410817,1126502.2781768993
12,2008,6,7,1059846.1606044245,1059846.1606044245,1122566.793794126,1119135.9491870215,1119135.9491870215,1144110.4388966279,1214697.9726900111,1290528.9080607216,1313899.2763989836,1323378.189322269,1239282.8354688813,1175447.0433504402,1092741.3142579936,1038785.1887277805,1027368.0703293713,994965.5854250906,997957.8090924696,1053986.3446980768,1159037.6994670187,1265299.0901045217,1278106.1654528887,1248349.6977111388,1237423.1539786146,1243760.5461877745
13,2008,6,1,79504.76523240436,91387.26404402533,90986.53794353487,95231.58721999037,83905.30483156403,81798.78491222326,96031.90997636305,112773.35849825593,115905.67246684883,112103.79820499725,97073.73900220243,85915.2899016179,72810.30389328129,66474.01035385311,64041.983288429874,61132.20983998871,60060.66153155305,66845.60439250401,79285.2157161551,81539.9006095184,85200.55987880529,85795.77721330183,83724.70974091951,86437.32742211303
13,2008,6,2,69566.49385029856,72967.03623988874,64125.03645642881,65677.2885293065,54271.5161000575,54902.01981761201,58375.52854473216,66748.0875225685,71676.94865761258,72258.6628231572,68343.61375764762,66524.16086699486,64655.23130096926,61807.080781305616,59819.788549923665,58927.46721572728,58190.939151394334,63222.98619289188,74697.8930964058,78873.50723221706,83040.42438476325,85730.10819779208,77309.61759613965,71388.73663527466
13,2008,6,3,51758.45271763401,49444.50025018241,47698.15931235012,45842.027584959265,45077.90594175575,47510.709376459614,50172.027163465704,57685.77280910574,61484.798367759504,61106.6506966061,61673.17881310861,62726.06202057702,63978.50321794402,65030.591070778566,64492.4030346205,64355.720129461675,65679.57337670364,69059.84989854434,74049.22053213864,74642.75307347943,74058.14801394344,80498.6587981591,80050.03162268717,73565.72994930291
13,2008,6,4,58618.60547207097,58618.60547207097,51086.35937843762,54642.77481074339,50548.78200948093,52323.85053669978,54046.74370330001,61560.48934894005,61457.60249583258,63489.54053622265,64640.281944238704,66706.54836241051,65457.12082925582,63551.97345946675,64492.4030346205,60569.572048541835,62071.4929001137,62734.792405995315,68507.04559560241,72455.65331759314,73709.99083694608,74997.84483164475,74549.21765617281,68605.61479359139
13,2008,6,5,58618.60547207097,59615.00599041237,51086.35937843762,50839.20393050037,47884.3723713844,47851.81466115119,49979.53598774339,57493.28163338343,67249.73808263008,70232.18543856418,72770.82433263012,68423.85287056904,68448.76233380854,63459.59149532195,65935.82231769501,63905.300383271046,64389.79790572058,72389.37566843565,78655.55530232882,89261.98443839882,95301.90766325308,96139.75326713595,91516.67697205757,89990.76995047697
13,2008,6,6,79476.82943231375,79504.76523240436,76576.43486667807,83964.74126459658,83905.30483156403,85930.34255807343,92890.27341075262,106920.31750275879,107159.42187916486,101952.06322355292,101441.33487179794,100569.65355329333,97371.30769741767,92928.65185144087,90553.50796197385,96322.5503442919,102483.01297468676,116149.28436462006,131304.43833941815,138662.5078706713,147318.26199806517,146262.35869033576,140435.63644769727,142434.93266632437
13,2008,6,7,127583.91325203728,127583.91325203728,129545.35898366457,129579.20291763823,131486.62608796437,133349.03403824376,140041.19571568753,143169.3334645733,151953.5180199303,139979.9093986456,132393.36411238607,126816.02224431463,116501.68207225826,111260.97272608364,106435.8466354137,104750.87277956237,108586.45663407278,118160.10823210112,134459.2638417305,138662.5078706713,140142.32506621102,143966.2808341217,140435.63644769727,135989.75778753773
14,2008,6,1,23230.966872341847,22533.250279038253,23726.00224985104,27497.321746797796,28492.18635542649,27603.28302917347,30771.242799973974,33188.4954072828,34718.17601714985,32574.15175129504,29294.220763491274,27467.461845787162,25624.461017065314,24517.557748356856,24202.341082581013,24164.37495285438,25033.363057002884,28701.058139660392,35305.15267774197,38330.70081484605,37517.843689171736,35985.8947129779,31605.299034931464,27704.083299947157
14,2008,6,2,21877.37701832451,21760.86594504966,20786.764677126346,20953.359084791864,20998.430753339275,22429.975792771733,24387.879320075022,25539.844765962695,28042.50817133586,30250.08106390517,30734.90132334892,27467.461845787162,28536.90844540691,28177.583370526983,26802.680506475757,25591.496377902404,25453.027440317008,29197.298269501545,33788.110391132024,34794.248568955256,36078.83776486323,33367.90188506221,31368.041080576157,25726.405326891792
14,2008,6,3,21760.86594504966,21760.86594504966,23726.00224985104,23548.997270279022,23051.058422311937,24422.588333421012,26846.156586170786,25993.88742702109,27588.465510277463,27400.211891497704,25147.36864893,23873.466082094546,22300.143699985038,22194.364869339817,22113.046278583286,21789.461320205024,22579.3750624122,23365.13042029695,25770.86514911082,26523.604916067245,27372.68593007464,26467.72042822751,24804.791236621182,22167.918572327035
14,2008,6,4,16549.586203022292,16549.586203022292,16123.66740035472,15815.133917242649,15860.205585790058,16856.39778389766,18687.364621693156,20595.530772115897,22336.738780553635,22400.714733126122,22999.320759538772,22300.143699985038,22290.737370867424,22487.283835207003,21841.44951458405,22061.058084204262,22600.69726428015,23365.13042029695,24996.127254226114,25395.534052448453,26778.47584865369,26219.140589661733,24804.791236621182,22176.57163184446
14,2008,6,5,16481.98270966238,16859.819311389085,15758.234931785795,15759.934557040513,15494.773117221137,16277.769096879958,18108.735934675464,19816.310561933453,21400.892853154917,22100.145147840936,23299.890344823958,22498.50646470546,22300.143699985038,22402.133963177854,22321.861185106904,22269.87299072788,23236.283442888525,24910.500161752167,27247.479468135924,27579.28277299835,28049.811616375897,27426.980406893286,27047.984906593607,24205.751713924095
14,2008,6,6,20205.947839805707,21237.181672237828,20950.97337375504,21139.05711514007,22137.136449253652,24443.61972168206,29307.5542474267,33038.23766371955,34958.28395093029,33747.35135950934,31879.985107131593,31787.04881191417,30896.277878043977,30561.760187171145,29026.072333149477,29909.612964115877,31204.196391711892,33219.06961493476,36484.139581349154,37777.66869030574,39053.48697043775,37671.79573780716,36235.66422767527,34145.139391088305
14,2008,6,7,31180.09633094511,30977.203843970532,30564.567839743402,33055.221235124925,33330.228514580376,35352.86280906175,39078.668145167176,40662.31001157436,39752.37611886046,39916.96261522524,39661.863953690976,37764.178404915765,37372.13305404023,35659.4515870063,34894.64076090303,34624.91646911286,34775.17421267611,37649.486298117925,40488.77605646333,43368.95184993498,42321.638881700834,40697.11108039142,39677.60196226049,37925.137493929644
15,2008,6,1,106934.23228473254,109709.42255786748,112523.37096873221,120404.93640428486,128630.7626436854,126601.5333292508,136417.60523197812,161720.2855495762,166215.74998854432,138646.16398381023,132499.34639208193,126189.73092466945,122979.61101113855,118301.34216609962,117179.33722061563,116297.99426217107,121935.67638637556,129885.59142504488,147200.05272297387,158460.32568733685,156066.69814273345,159089.1879296392,154372.98181965423,135316.0834732114
15,2008,6,2,104942.26889359605,110563.79978225986,104924.29859579688,103730.52938050649,99525.73876924883,104376.30342760407,108744.61314781487,116969.14499212375,125674.85201322864,126048.68751531586,133596.08796671536,126189.73092466945,122979.61101113855,116231.62569510935,116925.17765309547,116297.99426217107,118137.48836640405,125799.50306384577,139924.87722745675,150746.0122423084,142419.38422459425,141822.9712638355,135691.19994930289,123683.93915222124
15,2008,6,3,107187.88886945395,107187.88886945395,97789.77584377177,93073.01834913141,92865.85689173276,93718.792396229,108744.61314781487,113539.00131333037,125674.85201322864,122774.5611120167,117239.74259588783,119235.6383497068,112720.90454500024,113283.75016075169,113142.32367644821,112779.7991387015,113815.0446641496,110193.0572109973,121808.91779771034,131867.05132385952,130951.93747842619,130336.43884207455,123469.76130905334,113730.04733647259
15,2008,6,4,91505.43682539681,93485.05929399522,87845.55810753224,84304.6077501105,84104.50812651955,85105.68929716453,92701.04023553398,106608.29623386532,110669.40778455466,119331.26079508913,112034.77075374279,112720.90454500024,114349.69387285545,116275.37822339992,114867.8313092381,114505.30677149139,113815.0446641496,115222.01011978471,117569.04837939002,117106.92623373203,127054.97515931807,128536.95690492366,123062.76304707158,110928.12177412919
15,2008,6,5,89962.22947556271,90335.00455260229,84622.06165937198,82806.57420302847,82754.72024558627,83607.6557500825,90301.7564591447,98946.78159853202,106368.4171971665,109531.99851135397,112091.1861421157,114491.12035715893,114491.12035715893,111513.534348593,113283.75016075169,107233.39136398649,113815.0446641496,110193.0572109973,129201.41651635451,130645.68275202127,127854.17339020349,127257.76042944474,116835.18655453471,120154.9797384924
15,2008,6,6,100528.00699193789,100528.00699193789,94888.50580547491,95974.28838742827,99272.08218452742,100125.01768902365,117742.67524423377,138825.71430899462,157527.1072704354,138646.16398381023,146821.56808047715,143641.07456178084,141115.8835387081,135325.6807553295,135325.6807553295,134444.33779688494,140656.21760705535,143347.66612988507,160438.37391468484,168712.54520610752,158668.98154209886,159089.1879296392,155079.09323354793,157567.19040595402
15,2008,6,7,131637.3605547838,131979.46378371588,163871.15058773346,152162.7183586212,158874.3786709147,163050.9108120638,176669.7633185712,159364.66684693523,165473.4527564216,205500.36595882344,182076.59610952873,183096.55535244252,183936.3766767709,176312.15320432562,172170.4080063682,159305.45293971768,173236.91705906534,180153.59095971714,201888.79955163912,199793.13036584028,191319.08741786552,180356.8371073971,166405.51211941554,146156.62620414404
16,2008,6,1,69190.6640678886,73407.69652392804,77362.53350351159,88937.59047729347,93994.08476317947,99657.9420837255,118075.86449793799,129232.90398423684,133119.67079556675,128045.53985322604,97578.70721692579,88408.23471592949,82083.0543669542,76953.24933339495,73169.48342698567,72148.14862895878,74982.47420623194,82848.1567423085,94063.80273249517,122550.67402031689,123945.98715614976,127504.39277874373,119388.06999225735,110555.53814661723
16,2008,6,2,96012.52260680884,96320.12484763066,93155.38669067614,78716.80149043222,75111.36459044497,72915.51240844734,82325.85808150847,89941.0801358602,100464.8487663503,100559.16861385637,97578.70721692579,96862.01596668593,92562.67402127926,85690.9874339884,82374.54607124481,76997.05050589929,77422.3558991872,85459.88264330234,94063.80273249517,105018.98508040555,107469.05487239693,105926.63047873715,98993.01996709824,95376.72015631411
16,2008,6,3,77455.95300080454,79707.12191387116,68063.11003163487,71063.10811356847,67026.56826010002,65120.009244704765,87570.36926926128,87406.19672654314,93192.08420718543,90674.67815369766,85786.4813772957,82804.41289484175,74099.76172992849,72218.7907818043,72232.06548825119,77264.431076428,69935.14992526003,73616.51590205653,81789.71140908235,85477.11714850583,87613.13070227465,89611.35067742162,86311.83491918282,77022.32284691857
16,2008,6,4,59910.81907041125,61351.041184962494,57236.67163854019,56061.32697384141,54747.14929595053,56398.48994230638,58823.59582537752,72497.27802872394,79935.29074252363,80029.6105900297,76357.74326962575,76341.41892361472,73690.0705489511,72218.7907818043,70208.61268273335,69509.84453197212,69935.14992526003,74026.20708303392,81789.71140908235,86787.34081653511,88972.55313695472,92332.71535165088,87840.15946090686,81149.47641382334
16,2008,6,5,65431.70075761456,66655.78065857154,64708.81725981932,64491.684850782876,63267.60494982589,56398.48994230638,59273.409593402524,72497.27802872394,83232.10161877905,78444.57647596324,80923.26133052057,82804.41289484175,79674.03418296894,75985.23884637016,79762.82017025098,76997.05050589929,73040.77856591239,78663.84018302844,89454.37502808348,94058.39931548212,95703.89151871427,95930.42171985275,92230.75047310436,85930.50021652458
16,2008,6,6,70407.69844199445,70407.69844199445,71063.10811356847,77555.46520944293,83019.04941398175,84438.10093134496,105333.53313916188,124093.67899283653,124544.99843508338,128353.14209404787,112146.619837943,102821.47012053806,99948.94493074801,95334.0187818917,92017.57741914812,89985.09913382745,91515.4499798456,104648.64234319686,111417.24152035423,122264.66562961008,127020.10619012376,131146.11173856203,125696.03837378812,123134.64087131503
16,2008,6,7,117868.75493775232,117868.75493775232,124515.45252353403,128044.70412700805,128403.16798684103,135791.90330087603,151683.27885385923,159791.3009493544,162648.5045442404,162648.5045442404,145009.99058537083,138531.2519742286,128656.51197153801,118627.82475800125,115311.38339525767,112848.47958646594,113273.78497975385,117678.61695865988,134608.5082117285,148101.16259570586,147941.20239093524,140746.64839858384,139714.38663710497,139778.2445721698
17,2008,6,1,2566167.83780373,2566167.83780373,2589191.295404642,2875420.732433541,2989025.7079769755,2935212.5462755742,3183291.5325193824,3459246.3811453767,3571512.693354613,3454605.965854637,3265217.1553417854,3102059.2621512823,2949775.675911434,2802302.3399556093,2776231.5357680456,2746913.127128161,2879388.6309677386,3083951.616245731,3574304.413333396,3804082.1918673436,3759202.752310895,3640978.2332873847,3236485.485632772,2935803.528943205
17,2008,6,2,2449877.4920457597,2412328.051055781,2355952.182874228,2315362.556859168,2308371.7653383515,2396023.6560220537,2580136.1281353845,2762783.199771218,3049811.5923078656,3230864.549202377,3320633.835512042,3102059.2621512823,3168295.9074879456,3096329.4965209207,3062763.6680849916,2888656.697453624,2891678.0838615857,3083951.616245731,3451536.416714098,3555761.81037676,3586434.742356054,3366511.3853624947,3236485.485632772,2794604.433639818
17,2008,6,3,2412328.051055781,2412328.051055781,2589191.295404642,2559524.806339705,2547910.1665495373,2591314.3031542953,2747692.9159137663,2828784.9426757367,3033585.4031971567,2964443.640407478,2909391.2991429614,2811062.692252598,2794487.315769822,2792869.8163108504,2791787.2225715127,2737196.119387333,2757449.2974248882,2752851.6987070264,2880070.226438721,2900124.583581541,2963150.3414865434,2959769.4833573513,2838383.3735353635,2636396.19610075
17,2008,6,4,2211357.5152098355,2211357.5152098355,2111795.24861384,2078227.5272901957,2071236.735769379,2117099.0230166335,2224467.680108821,2469082.971459544,2636878.7741111135,2732562.695520393,2777730.5539908567,2794487.315769822,2803680.3463804196,2810101.6079404443,2758658.173672603,2754427.9110169266,2757449.2974248882,2751487.447246967,2871469.393901162,2893953.781448307,2950225.949976923,2951291.6004611063,2838383.3735353635,2648247.2828737022
17,2008,6,5,2243796.032561674,2192054.8283376256,2132870.4232368637,2080000.0150410093,2085886.2209433878,2130272.2493582787,2231960.132937366,2484122.339126262,2637489.1022502803,2727263.918675077,2783600.398476477,2794487.315769822,2794487.315769822,2778336.810501594,2762971.5383111862,2725612.2267566,2728633.613164562,2767322.375730206,2965071.53318352,2969000.398380826,3003761.352358549,2952101.9116066196,2914986.596521055,2700048.828805339
17,2008,6,6,2327998.9688741947,2399995.5724087846,2333840.9590828093,2352911.997849147,2458717.739992851,2690247.9175005034,3083324.1254402082,3372820.001690949,3700130.3175159586,3521765.787498035,3438545.040065282,3470156.835338552,3347060.389930399,3439844.6293873917,3262005.6918153143,3279328.5947940703,3400261.185755272,3466448.0719369086,3700864.7565287827,3780479.2699199575,3819906.2538404935,3757265.6966945664,3648716.3850602703,3485830.8148060236
17,2008,6,7,3236275.9244877994,3345900.6937200013,3306287.4837221685,3554230.306283089,3559936.5457436205,3580111.8651458183,3930180.019702462,4208819.486951703,4169956.9253420937,4143461.8448943887,4138532.4337303713,4063494.163592876,4044528.9103947026,3849794.0431563207,3838012.6022518524,3697705.3194454922,3756310.667731037,3936806.600957853,4142673.9703390044,4246528.908181042,4147302.1693360056,4074943.8373929774,4009897.2933031097,3876785.0975023154
18,2008,6,1,244343.2151131025,242583.38893406084,246638.07496788143,292092.90614118637,309171.44883193023,285855.5729827816,320845.3343100388,346966.97180048807,369784.94692037604,348044.60301671416,317203.221316399,290572.867105741,268348.97463301837,254429.6119130639,253350.95519951987,250717.64503868486,258048.08267616518,289318.1119577883,350333.02654944675,379860.36090096674,374976.8758474369,366622.4153464968,323092.5684969855,293439.42991599283
18,2008,6,2,232389.0844596912,231581.7324656311,217449.18626269465,214879.86822300774,214819.628074616,225399.3313753762,245380.01356412302,272699.4268238244,302864.5213371247,319751.7248117953,327234.0780580011,290572.867105741,305122.7021730852,296039.7974885266,282193.91185094364,266977.42074381514,262475.7380930068,299618.72028402996,334630.19973510195,341174.1482515502,355817.708693954,335410.54627183254,318814.8388797223,277317.84053592064
18,2008,6,3,231581.7324656311,231581.7324656311,246638.07496788143,238458.61612076184,236241.37984543314,242700.79138926338,260921.93293753703,275564.0275977852,299999.9205631639,293391.1221857768,269351.99233333924,255298.62144559252,235051.30364231858,230136.10371512672,227890.74860709326,222592.99500978115,223921.47724226955,230460.81402373977,254794.3919629233,259424.37982218876,269822.5512621758,263552.6248298293,262808.0026801728,244865.1702306158
18,2008,6,4,183936.3432616785,183936.3432616785,179013.252298531,175465.73357462758,175405.49342623583,180644.49379224787,194396.8516506909,224616.54376034398,249748.57573112365,245473.32653912652,252765.18033449407,243028.98732860322,234660.659185786,231464.58594761512,226562.26637460486,223921.47724226955,223921.47724226955,230070.1695672072,248175.3478275294,252077.03941638683,264219.9708448635,262332.47496915556,261711.71420588685,246375.66574468976
18,2008,6,5,186698.03299715623,185436.2500639877,172990.79481967946,172277.61748211773,169383.03594738428,174622.03631339633,187572.31506575228,217492.54107562522,242191.13209637758,245473.32653912652,252765.18033449407,247667.04870647783,239867.62094259742,238194.15570177813,242315.24345690964,238345.97209208593,238345.97209208593,249914.4114551396,270355.27936069283,272823.20312973013,274403.9303259396,274300.8141463091,275779.08774536144,263942.3166658671
18,2008,6,6,210761.38320396136,225475.1591752174,219739.84343037207,221157.15610687467,227615.06060894768,242700.79138926338,299513.5789617706,345770.84561337804,372072.09189836285,359429.645692116,341317.2582148017,337235.16622137424,325747.8363858784,329917.131317541,313536.3359423742,316656.1139636147,325208.4848360818,338416.2542474059,364053.95765762666,377355.58938935114,390653.03287604067,387256.32740715926,379007.8175640016,372522.4475016509
18,2008,6,7,340506.71857038856,348153.55424041295,340316.8387780633,369047.00752717146,371901.19133633707,383185.67053792404,412548.13124234386,451812.8710002903,440951.45180992887,444058.017586073,438643.54140278057,413521.40341533604,401708.0927881073,381926.5103070141,378603.35502675676,367290.45909634884,372090.86129130196,401251.29013948893,419305.508277326,434708.02025820955,432875.1410876107,424541.01961666567,421491.7715340225,414978.7446211446
19,2008,6,1,591629.8407345306,591629.8407345306,580124.7203647337,579572.1336945636,576770.9773045125,578250.1666840569,548813.3066964388,479748.0983439005,457072.37955243466,485481.1051051374,508738.7377978345,512994.5338081573,528883.6235037176,533889.7813196605,538761.1828358605,544557.3308615834,546905.3635672842,562642.3407021187,520616.53542300913,506552.96638920513,494699.8556322685,537493.7231655926,565162.8881848109,603276.8844682353
19,2008,6,2,590346.845695192,590346.845695192,580124.7203647337,591696.8371901072,586089.8218529633,589111.7651367361,561584.5363261002,529927.2111752431,502177.56858146755,485481.1051051374,508738.7377978345,520528.16910728865,543982.110859463,548442.2324366464,537226.6496639331,545460.8510222399,546905.3635672842,562642.3407021187,534385.5214610634,520321.95242725924,521856.6053452087,550837.1142526894,571864.3710448849,583705.3585716919
19,2008,6,3,591629.8407345306,591629.8407345306,592249.4238602773,591696.8371901072,576730.9162899745,591198.4480353956,561584.5363261002,526238.7323647804,512594.92000100255,501016.67125091533,511889.75545507274,523701.9635211896,530607.1220830644,531342.4484806486,533775.7966642646,538214.0068784115,540311.9073015825,543730.0245675888,536282.4918787742,532460.4660531926,539961.0562232112,568009.7719051223,571316.224645075,578079.6083880122
19,2008,6,4,594245.9241469803,591410.4087282768,596918.3124678264,606761.6442382778,606223.425305666,607849.819680099,592269.3273728496,564903.2809752726,548918.215583795,543514.9154228771,523274.12441550085,527445.7151399911,528117.0099646286,532296.9670125324,534730.3151961485,539168.5254102953,540311.9073015825,544395.1109974632,539759.3227968328,533322.9923683343,534459.896797575,553277.243418838,566253.4285396681,574391.6919423983
19,2008,6,5,573555.339353709,585591.6554228227,594336.1067589368,591696.8371901072,576730.9162899745,581192.8260831109,565273.0151365631,529927.2111752431,512594.92000100255,494642.05251894525,509284.77403659397,519982.1328685292,543436.0746207035,548442.2324366464,550875.5806202624,559616.4351313772,547808.8837279407,562642.3407021187,541174.8172881461,534738.4868596477,536273.1397775974,554652.1230786311,575562.2604388943,574920.0071725575
19,2008,6,6,591629.8407345306,591629.8407345306,580124.7203647337,584906.6467528432,581981.1042066013,576369.8810871418,539545.6225071511,479748.0983439005,457072.37955243466,483083.6580583791,503388.9429673896,518441.9138314285,547594.3536305239,552600.5114464668,555033.8596300829,562612.1004245197,565474.3483076395,562031.2240776703,502194.90793360514,468208.7769667437,465546.633381722,494399.6235392096,552491.2539973686,594916.7258130687
19,2008,6,7,599720.0082410313,599720.0082410313,584933.6360337085,618160.1677450901,614761.7207974625,559420.3367760536,490829.2992298382,354012.4764339965,317445.9507213914,401376.59512687987,421445.6222467227,471302.99034256395,536024.232450338,534886.8851325501,528384.745569228,540033.957514887,548828.531190113,538382.3593468575,459821.89873176493,403336.27321932156,433217.34597867983,461301.11346541636,539382.2067552452,603165.6495635094
20,2008,6,1,124667.49408762396,146031.41115168293,142231.9889013788,148156.04768517282,132055.452217108,134719.12523646682,163445.26824561256,192478.14959272655,202554.630175596,196292.40245187457,178738.2424573243,155336.17232445537,136007.21893714796,120749.93144582321,117565.31250475139,111670.05399750525,109634.2033201633,124891.3202480864,154619.17184526054,156251.89075113877,166429.7937654679,162476.74640266408,150755.34709023687,137066.60683180377
20,2008,6,2,109225.07459106478,115257.5557845367,101408.55467088726,104438.8136503657,87772.08421126576,93220.81809157775,98686.10972650874,125445.35900021014,137111.4836936377,137644.37020777524,129649.26477000698,125230.27450770784,119537.00087109699,113769.35608165665,109099.27697817505,106078.60727000693,105698.47495138817,116647.70197918902,142400.27433131725,152695.6084448308,158000.44633008447,162002.1706390384,136530.98157842207,118159.85303662786
20,2008,6,3,82579.81097006718,77217.66529156631,74155.13529847328,72711.2441357257,71628.7919037784,77173.3032473983,82439.2137157887,101873.61049826641,116411.46782599339,111204.88285289382,110694.44419666867,107621.03655689271,107401.72087109978,106834.64441192144,104981.37858806945,104133.38249941422,106083.3961874518,112739.01025545337,123502.34738636714,131389.1840473279,137719.3837065238,143662.4472259595,141043.37308708314,117050.10435392475
20,2008,6,4,83747.11318289187,83747.11318289187,76151.21159898628,80788.74124004328,76237.96841115995,77804.12501615708,86021.17863185919,105276.64972754585,109685.67318231157,109917.87286691966,109785.38177032092,111086.06373196743,109368.21085178522,104868.154431236,104981.37858806945,99518.5691825069,102437.67289416702,107066.8941075836,121439.81611952251,133455.6160649653,138486.27956641733,140964.90720927223,131711.9402458542,113658.66618176781
20,2008,6,5,83747.11318289187,85916.9508201497,76151.21159898628,76237.96841115995,72594.30456747915,76794.5152253135,83382.84140470295,101633.39874387125,125980.53573617175,131349.69141877902,140780.21272747294,130601.80176656407,125350.84674330766,117926.18802258967,119498.62545032705,116717.31641609616,118100.23884673964,135757.98311489733,149837.08956426024,173725.89180088893,180372.29155986206,177362.9339422083,161601.85666891353,142351.3889797099
20,2008,6,6,122451.53458665908,124667.49408762396,120783.30295562577,132055.452217108,132055.452217108,137703.49194756564,157351.52569474786,185129.1742723269,189629.68068908807,182460.1274485623,180684.99204425697,175641.52197066118,170749.02500101103,167915.17201840781,158530.70583859444,170031.89904295842,179343.2564649341,196899.3330376015,228131.05954172055,245304.37861567936,254424.5612917857,246905.6425780202,231060.09913708828,221598.74799181303
20,2008,6,7,192555.5503519843,192555.5503519843,202909.84986702108,206430.7113791538,215927.88725266143,223336.59271749665,241361.40951250415,255102.2111561813,266741.40569030744,254295.24961002602,225721.59843693356,217223.81684851358,189468.63942078812,184673.55092841125,176681.7269492429,175503.18186129996,181675.28365669982,200181.07711842482,228131.05954172055,245304.37861567936,244780.2739782024,241641.0691586836,231060.09913708828,210472.02476898
